{
  "Vs": 2400.0,
  "C": 2.86e-13,
  "R": 6.09e9,
  "Lmcp": 0.0015,
  "k": 11600.0,
  "G": 0.780158557549575,
  "Qs": 6.864e-10,
  "L": 17.400000000000002,
  "vs": 137.9310344827586,
  "RC": 0.0017417399999999999
}
